CO_CODUPS;DE_NOMBREUPS;TABLA_D1_SETI IPRESS;TABLA_G_SETIIPRESS;TABLA_I_SETIIPRESS
030000;ANATOMO PATOLOGÍA / PATOLOGÍA;0;1;1
030100;ANATOMO PATOLOGÍA / PATOLOGÍA-BIOPSIAS (Anatomo patología)-;0;1;1
030200;ANATOMO PATOLOGÍA / PATOLOGÍA-CITOGENÉTICA-;0;1;1
030300;ANATOMO PATOLOGÍA / PATOLOGÍA-CITOLOGÍA-;0;1;1
030400;ANATOMO PATOLOGÍA / PATOLOGÍA-CITOMETRÍA DE FLUJO-;0;1;1
030500;ANATOMO PATOLOGÍA / PATOLOGÍA-INMUNOHISTOQUÍMICA-;0;1;1
030600;ANATOMO PATOLOGÍA / PATOLOGÍA-NECROPSIAS-;0;1;1
040000;CENTRO QUIRÚRGICO Y ANESTESIOLOGÍA;0;1;1
040100;CENTRO QUIRÚRGICO Y ANESTESIOLOGÍA- CIRUGÍA ALTAMENTE ESPECIALIZADA Y DE ALTA COMPLEJIDAD;0;1;1
040101;"CENTRO QUIRÚRGICO Y ANESTESIOLOGÍA-CIRUGÍA ""A"" -""A1"" - CIRUGÍA ALTAMENTE ESPECIALIZADA";0;1;1
040102;"CENTRO QUIRÚRGICO Y ANESTESIOLOGÍA-CIRUGÍA ""A"" -""A 2"" - CIRUGÍA DE ALTA COMPLEJIDAD";0;1;1
040200;"CENTRO QUIRÚRGICO Y ANESTESIOLOGÍA-CIRUGÍA ""B"" (MEDIANA COMPLEJIDAD)-";0;1;1
040300;"CENTRO QUIRÚRGICO Y ANESTESIOLOGÍA-CIRUGÍA ""C"" (BAJA COMPLEJIDAD)-";0;1;1
040400;CENTRO QUIRÚRGICO Y ANESTESIOLOGÍA-CIRUGÍA MENOR DE ALTO REQUERIMIENTO / CIRUGIA AMBULATORIA DE DIA;0;1;1
040500;CENTRO QUIRÚRGICO Y ANESTESIOLOGÍA-CIRUGÍA MENOR (TÓPICO)-;0;1;1
040600;CENTRO QUIRÚRGICO Y ANESTESIOLOGÍA-UNIDAD DEL DOLOR-;0;1;1
040700;CENTRO QUIRÚRGICO Y ANESTESIOLOGÍA-UNIDAD DE RECUPERACIÓN Y REANIMACIÓN-;0;1;1
050000;BANCO DE ÓRGANOS;0;1;1
050100;BANCO DE ÓRGANOS-CÉLULAS MADRE DE CORDÓN UMBILICAL-;0;1;1
050200;BANCO DE ÓRGANOS-CRÍO PRESERVACIÓN-;0;1;1
050300;BANCO DE ÓRGANOS-HISTOCOMPATIBILIDAD-;0;1;1
050400;BANCO DE ÓRGANOS-TEJIDOS (piel, córneas, otros)-;0;1;1
050500;BANCO DE ÓRGANOS-TRANSPLANTES-;0;1;1
060000;BIOLOGÍA MOLECULAR Y GENÉTICA ;0;1;1
060100;BIOLOGÍA MOLECULAR Y GENÉTICA -BIOLOGÍA MOLECULAR -;0;1;1
060200;BIOLOGÍA MOLECULAR Y GENÉTICA -GENÉTICA -;0;1;1
070000;CENTRO OBSTÉTRICO;0;1;1
080000;DIAGNÓSTICO POR IMÁGENES ;0;1;1
080100;DIAGNÓSTICO POR IMÁGENES -DENSITOMETRÍA ÓSEA-;0;1;1
080200;DIAGNÓSTICO POR IMÁGENES -ECO CARDIOGRAFÍA-;0;1;1
080300;DIAGNÓSTICO POR IMÁGENES -MAMOGRAFÍA-;0;1;1
080400;DIAGNÓSTICO POR IMÁGENES -RADIODIAGNÓSTICO / RAYOS X-;0;1;1
080401;DIAGNOSTICO POR IMÁGENES RADIODIAGNOSTICO RAYOS X NEURORADIOLOGIA;0;1;1
080500;DIAGNÓSTICO POR IMÁGENES -RADIOLOGÍA INTERVENCIONISTA;0;1;1
080501;DIAGNÓSTICO POR IMÁGENES -RADIOLOGÍA INTERVENCIONISTA-DIAGNÓSTICA;0;1;1
080502;DIAGNÓSTICO POR IMÁGENES -RADIOLOGÍA INTERVENCIONISTA-TERAPÉUTICA;0;1;1
080503;DIAGNÓSTICO POR IMÁGENES -RADIOLOGÍA INTERVENCIONISTA-ANGIOGRAFÍAS;0;1;1
080600;DIAGNÓSTICO POR IMÁGENES -RESONANCIA MAGNÉTICA;0;1;1
080601;DIAGNÓSTICO POR IMÁGENES -RESONANCIA MAGNÉTICA-DETECCIÓN;0;1;1
080602;DIAGNÓSTICO POR IMÁGENES -RESONANCIA MAGNÉTICA-PROCEDIMIENTOS;0;1;1
080700;DIAGNÓSTICO POR IMÁGENES -RADIOLOGÍA NUCLEAR-;0;1;1
080800;DIAGNÓSTICO POR IMÁGENES -TOMOGRAFÍA COMPUTARIZADA-;0;1;1
080900;DIAGNÓSTICO POR IMÁGENES -ULTRASONIDO/ ECOGRAFÍA-;0;1;1
090000;DIÁLISIS;0;1;1
090100;DIÁLISIS-DIÁLISIS PERITONEAL-;0;1;1
090200;DIÁLISIS-HEMODIÁLISIS-;0;1;1
100000;ENDOSCOPIAS;0;1;1
100100;ENDOSCOPIAS-DIAGNÓSTICAS DIGESTIVAS-;0;1;1
100200;ENDOSCOPIAS-DIAGNÓSTICAS GINECOLÓGICAS -;0;1;1
100300;ENDOSCOPIAS-DIAGNÓSTICAS RESPIRATORIA / BRONCOSCOPIAS-;0;1;1
100400;ENDOSCOPIAS-DIAGNÓSTICAS REUMATO - TRAUMATOLÓGICAS-;0;1;1
100500;ENDOSCOPIAS-DIAGNÓSTICAS UROLÓGICAS-;0;1;1
100600;ENDOSCOPIAS-LAPAROSCOPIAS-;0;1;1
100700;ENDOSCOPIAS-OTRAS ENDOSCOPÍAS DIAGNÓSTICAS-;0;1;1
100800;ENDOSCOPIAS-TERAPEÚTICAS DIGESTIVAS-;0;1;1
100900;ENDOSCOPIAS-TERAPEÚTICAS GINECOLÓGICAS-;0;1;1
101000;ENDOSCOPIAS-OTRAS ENDOSCOPÍAS TERAPÉUTICAS-;0;1;1
101100;ENDOSCOPIAS-TERAPEÚTICAS RESPIRATORIAS-;0;1;1
101200;ENDOSCOPIAS-TERAPEÚTICAS REUMATO - TRAUMATOLÓGICAS-;0;1;1
101300;ENDOSCOPIAS-TERAPEÚTICAS UROLÓGICAS-;0;1;1
120000;HEMOTERAPIA Y BANCO DE SANGRE  ;0;1;1
120100;HEMOTERAPIA Y BANCO DE SANGRE -FRACCIONAMIENTO DE HEMODERIVADOS-;0;1;1
120200;HEMOTERAPIA Y BANCO DE SANGRE -FRACCIONAMIENTO DE SANGRE-;0;1;1
120300;HEMOTERAPIA Y BANCO DE SANGRE -ALMACENAMIENTO Y CONTROL DE CALIDAD-;0;1;1
120400;HEMOTERAPIA Y BANCO DE SANGRE -COMPATIBILIDAD Y GRUPOS SANGUÍNEOS-;0;1;1
120500;HEMOTERAPIA Y BANCO DE SANGRE -EXTRACCIÓN Y SEPARACIÓN DE COMPONENTES-;0;1;1
120600;HEMOTERAPIA Y BANCO DE SANGRE -HEMOTERAPIA-;0;1;1
120700;HEMOTERAPIA Y BANCO DE SANGRE -SELECCIÓN Y PROMOCIÓN DE DONANTES-;0;1;1
120800;HEMOTERAPIA Y BANCO DE SANGRE -TAMIZAJE-;0;1;1
130000;MEDICINA DE REHABILITACIÓN / MEDICINA FÍSICA Y REHABILITACIÓN;0;1;1
130100;MEDIC. DE REHAB. / MEDICINA FÍS.Y REHAB.-FONIATRÍA -;0;1;1
130200;MEDIC. DE REHAB. / MEDICINA FÍS.Y REHAB.-LOGOTERAPIA-;0;1;1
130300;MEDIC. DE REHAB. / MEDICINA FÍS.Y REHAB.-REHABILITACIÓN FÍSICA;0;1;1
130301;MEDIC. DE REHAB. / MEDICINA FÍS.Y REHAB.-REHABILITACIÓN FÍSICA-REHABILITACIÓN NEUROLÓGICA;0;1;1
130302;REHABILITACIÓN FÍSICA-REHABILITACIÓN POST RESECCIÓN QUIRÚRGICA / AMPUTACIÓN;0;1;1
130303;MEDIC. DE REHAB. / MEDICINA FÍS.Y REHAB.-REHABILITACIÓN FÍSICA-REHABILITACIÓN OFTALMOLÓGICA;0;1;1
130304;REHABILITACIÓN FÍSICA-REHABILITACIÓN REUMATOLÓGICA Y TRAUMATOLÓGICA;0;1;1
140000;MEDICINA NUCLEAR ;0;1;1
140100;MEDICINA NUCLEAR -GAMAGRAFÍA-;0;1;1
140200;MEDICINA NUCLEAR -RADIOINMUNOENSAYO-;0;1;1
140300;MEDICINA NUCLEAR -TOMOGRAFÍA POR EMISIÓN DE FOTÓN ÚNICO (SPECT)-;0;1;1
140400;MEDICINA NUCLEAR -TOMOGRAFÍA POR EMISIÓN DE POSITRONES (PET)-;0;1;1
150000;PATOLOGÍA CLÍNICA (LABORATORIO CLÍNICO);0;1;1
150100;PATOLOGÍA CLÍNICA (LABORATORIO CLÍNICO)-BIOQUÍMICA Y URIANÁLISIS-;0;1;1
150200;PATOLOGÍA CLÍNICA (LABORATORIO CLÍNICO)-ENDOCRINOLOGÍA-;0;1;1
150300;PATOLOGÍA CLÍNICA (LABORATORIO CLÍNICO)-HEMATOLOGÍA -;0;1;1
150400;PATOLOGÍA CLÍNICA (LABORATORIO CLÍNICO)-iINMULOGÍA;0;1;1
150500;PATOLOGÍA CLÍNICA (LABORATORIO CLÍNICO)-INMUNOLOGÍA -;0;1;1
150600;PATOLOGÍA CLÍNICA (LABORATORIO CLÍNICO)-LABORATORIO DE EMERGENCIA-;0;1;1
150700;PATOLOGÍA CLÍNICA (LABORATORIO CLÍNICO)-LABORATORIO DE INFERTILIDAD-;0;1;1
150800;PATOLOGÍA CLÍNICA (LABORATORIO CLÍNICO)-MICROBIOLOGÍA Y PARASITOLOGÍA-;0;1;1
150900;PATOLOGIA CLINICA NEUROPATOLOGIA ;0;1;1
150901;PATOLOGIA CLINICA PATOLOGIA CLINICA NEUROGENETICA;0;1;1
160000;OTROS PROCEDIMIENTOS DIAGNÓSTICOS Y TERAPÉUTICOS;0;1;1
160100;OTROS PROCED. DIAGNÓSTICOS Y TERAPÉUTICOS-CARDIOVASCULAR-;0;1;1
160200;OTROS PROCED. DIAGNÓSTICOS Y TERAPÉUTICOS-GINECOLÓGICAS -;0;1;1
160300;OTROS PROCED. DIAGNÓSTICOS Y TERAPÉUTICOS-NEUMOLÓGICOS-;0;1;1
160400;OTROS PROCED. DIAGNÓSTICOS Y TERAPÉUTICOS-NEUROLÓGICOS -;0;1;1
160500;OTROS PROCED. DIAGNÓSTICOS Y TERAPÉUTICOS-OFTALMOLÓGICOS (CAMPIMETRÍA, FONDO DE OJO, OTROS)-;0;1;1
160600;OTROS PROCED. DIAGNÓSTICOS Y TERAPÉUTICOS-OTORRINOLARINGOLOGÍA-;0;1;1
160700;OTROS PROCED. DIAGNÓSTICOS Y TERAPÉUTICOS-TRAUMATOLÓGICOS-;0;1;1
160800;OTROS PROCED. DIAGNÓSTICOS Y TERAPÉUTICOS- REHABILITACION EN SALUD MENTAL;0;1;1
160801;REHAB. EN SALUD MENTAL-TERAPIA PSICOLÓGICA INDIVIDUAL NIÑO / ADOLESCENTE;0;1;1
160802;REHAB. EN SALUD MENTAL-TERAPIA PSICOLÓGICA INDIVIDUAL ADULTO / GERONTE;0;1;1
160803;REHAB. EN SALUD MENTAL-TERAPIA PSIQUIÁTRICA INDIVIDUAL NIÑO / ADOLESCENTE;0;1;1
160804;REHAB. EN SALUD MENTAL-TERAPIA PSIQUIÁTRICA INDIVIDUAL ADULTO / GERONTE;0;1;1
160805;OTROS PROCED. DIAGNÓSTICOS Y TERAPÉUTICOS-REHAB. EN SALUD MENTAL-TERAPIA FAMILIAR;0;1;1
160806;OTROS PROCED. DIAGNÓSTICOS Y TERAPÉUTICOS-REHAB. EN SALUD MENTAL-PSICOLOGÍA GRUPAL;0;1;1
160807;OTROS PROCED. DIAGNÓSTICOS Y TERAPÉUTICOS-REHAB. EN SALUD MENTAL-PSIQUIATRÍA GRUPAL;0;1;1
170000;QUIMIOTERAPIA;0;1;1
180000;RADIOTERAPIA;0;1;1
180100;RADIOTERAPIA-BRAQUITERAPIA-;0;1;1
180200;RADIOTERAPIA-RADIOTERAPIA (Cobaltoterapia y Acelerador lineal)-;0;1;1
190000;BIENESTAR  FETAL;0;1;1
190100;BIENESTAR FETAL-PERFIL BIOFÍSICO-;0;1;1
190200;BIENESTAR FETAL-MONITOREO FETAL NST / ST-;0;1;1
200000;NUTRICIÓN Y DIETÉTICA;0;1;1
210000;TERAPIA NUTRICIONAL ESPECIALIZADA;0;1;1
220000;CONSULTA EXTERNA;0;1;1
220100;CONSULTA EXTERNA-CIRUGÍA GENERAL-;0;1;1
220200;CONSULTA EXTERNA-CIRUGÍA DE CABEZA Y CUELLO / MAXILO FACIAL-;0;1;1
220300;CONSULTA EXTERNA-CIRUGÍA DIGESTIVA;0;1;1
220301;CONSULTA EXTERNA-CIRUGÍA DIGESTIVA-CIRUGÍA COLORECTAL;0;1;1
220302;CONSULTA EXTERNA-CIRUGÍA DIGESTIVA-CIRUGÍA GASTROINTESTINAL GENERAL;0;1;1
220303;CONSULTA EXTERNA-CIRUGÍA DIGESTIVA-CIRUGÍA HEPATOBILIAR;0;1;1
220304;CONSULTA EXTERNA-CIRUGÍA DIGESTIVA-CIRUGÍA PANCREÁTICA;0;1;1
220305;CONSULTA EXTERNA-CIRUGÍA DIGESTIVA-CIRUGÍA DE TRACTO GASTROINTESTINAL SUPERIOR;0;1;1
220400;CONSULTA EXTERNA-CIRUGÍA DE MAMA-;0;1;1
220500;CONSULTA EXTERNA-CIRUGÍA PEDIÁTRICA-;0;1;1
220503;CONSULTA EXTERNA-CIRUGÍA PEDIÁTRICA-REPARADORA;0;1;1
220600;CONSULTA EXTERNA-CIRUGÍA PLÁSTICA;0;1;1
220601;CONSULTA EXTERNA-CIRUGÍA PLÁSTICA-ESTÉTICA;0;1;1
220602;CONSULTA EXTERNA-CIRUGÍA PLÁSTICA-QUEMADOS;0;1;1
220603;CONSULTA EXTERNA-CIRUGÍA PLÁSTICA-REPARADORA;0;1;1
220700;CONSULTA EXTERNA-CIRUGÍA DE TÓRAX Y CARDIOVASCULAR;0;1;1
220701;CONSULTA EXTERNA-CIRUGÍA DE TÓRAX Y CARDIOVASCULAR-CIRUGÍA CARDIACA;0;1;1
220702;CONSULTA EXTERNA-CIRUGÍA DE TÓRAX Y CARDIOVASCULAR-CIRUGÍA DE TÓRAX;0;1;1
220703;CONSULTA EXTERNA-CIRUGÍA DE TÓRAX Y CARDIOVASCULAR-CIRUGÍA VASCULAR;0;1;1
220800;CONSULTA EXTERNA-CIRUGÍA DE TRANSPLANTES;0;1;1
220801;CONSULTA EXTERNA-CIRUGÍA DE TRANSPLANTES-PROCURA DE ÓRGANOS / LOGÍSTICA;0;1;1
220802;CONSULTA EXTERNA-CIRUGÍA DE TRANSPLANTES-TRANSPLANTE DE CÉLULAS MADRE;0;1;1
220803;CONSULTA EXTERNA-CIRUGÍA DE TRANSPLANTES-TRANSPLANTE DE CÓRNEA;0;1;1
220804;CONSULTA EXTERNA-CIRUGÍA DE TRANSPLANTES-TRANSPLANTE DE HÍGADO;0;1;1
220805;CONSULTA EXTERNA-CIRUGÍA DE TRANSPLANTES-TRANSPLANTE DE MEDULA ÓSEA;0;1;1
220806;CONSULTA EXTERNA-CIRUGÍA DE TRANSPLANTES-TRANSPLANTE RENAL;0;1;1
220900;CONSULTA EXTERNA-NEUROCIRUGÍA;0;1;1
220901;CONSULTA EXTERNA-NEUROCIRUGÍA-NEUROCIRUGÍA PEDIÁTRICA;0;1;1
220904;CONSULTA EXTERNA NEUROCIRUGÍA CIRUGIA DE COLUMNA VERTEBRAL Y NERVIOS PERIFERICOS;0;1;1
220905;CONSULTA EXTERNA NEUROCIRUGÍA NEUROCIRUGIA DE BASE DE CRANEO Y ENDOCIRUGIA;0;1;1
220906;CONSULTA EXTERNA NEUROCIRUGÍA NEUROCIRUGIA FUNCIONAL EPILEPSIA, MOVIMIENTOS INVOLUNTARIOS, DOLOR;0;1;1
220907;CONSULTA EXTERNA NEUROCIRUGÍA CIRUGIA VASCULAR CEREBRAL;0;1;1
220908;CONSULTA EXTERNA NEUROCIRUGÍA NEUROCIRUGIA ENDOVASCULAR;0;1;1
220910;CONSULTA EXTERNA NEUROCIRUGÍA CIRUGIA TUMORES CEREBRALES;0;1;1
220911;CONSULTA EXTERNA NEUROCIRUGÍA NEUROANESTESIOLOGIA;0;1;1
221000;CONSULTA EXTERNA-OFTALMOLOGÍA;0;1;1
221001;CONSULTA EXTERNA-OFTALMOLOGÍA-CIRUGÍA PLÁSTICA OFTALMOLÓGICA;0;1;1
221002;CONSULTA EXTERNA-OFTALMOLOGÍA-CÓRNEA;0;1;1
221003;CONSULTA EXTERNA-OFTALMOLOGÍA-ESTRABISMO;0;1;1
221004;CONSULTA EXTERNA-OFTALMOLOGÍA-GLAUCOMA;0;1;1
221005;CONSULTA EXTERNA NEUROLOGIA NEUROOFTALMOLOGIA;0;1;1
221005;CONSULTA EXTERNA-OFTALMOLOGÍA-NEUROFTALMOLOGÍA;0;1;1
221006;CONSULTA EXTERNA-OFTALMOLOGÍA-RETINA;0;1;1
221007;CONSULTA EXTERNA-OFTALMOLOGÍA-TUMORES OCULARES;0;1;1
221008;CONSULTA EXTERNA-OFTALMOLOGÍA-ÚVEA;0;1;1
221100;CONSULTA EXTERNA-ONCOLOGÍA QUIRÚRGICA -;0;1;1
221200;CONSULTA EXTERNA-OTORRINOLARINGOLOGÍA -;0;1;1
221300;CONSULTA EXTERNA-TRAUMATOLOGÍA Y ORTOPEDIA;0;1;1
221301;CONSULTA EXTERNA-TRAUMATOLOGÍA Y ORTOPEDIA-CIRUGÍA DE MANO;0;1;1
221302;CONSULTA EXTERNA-TRAUMATOLOGÍA Y ORTOPEDIA-ORTOPEDIA;0;1;1
221303;CONSULTA EXTERNA-TRAUMATOLOGÍA Y ORTOPEDIA-TRAUMATOLOGÍA;0;1;1
221400;CONSULTA EXTERNA-UROLOGÍA -;0;1;1
221500;CONSULTA EXTERNA-GINECOLOGÍA GENERAL;0;1;1
221501;CONSULTA EXTERNA-GINECOLOGÍA GENERAL-ENDOCRINOLOGÍA GINECOLÓGICA;0;1;1
221502;CONSULTA EXTERNA-GINECOLOGÍA GENERAL-GINECOLOGÍA;0;1;1
221503;CONSULTA EXTERNA-GINECOLOGÍA GENERAL-INFERTILIDAD O REPRODUCCIÓN HUMANA;0;1;1
221504;CONSULTA EXTERNA-GINECOLOGÍA GENERAL-ONCOLOGÍA GINECOLÓGICA;0;1;1
221505;CONSULTA EXTERNA-GINECOLOGÍA GENERAL-PLANIFICACIÓN FAMILIAR;0;1;1
221600;CONSULTA EXTERNA-OBSTETRICIA / ATENCIÓN DE LA MUJER;0;1;1
221601;CONSULTA EXTERNA-OBSTETRICIA / ATENCIÓN DE LA MUJER-OBSTETRICIA;0;1;1
221602;CONSULTA EXTERNA-OBSTETRICIA / ATENCIÓN DE LA MUJER-PSICOPROFILAXIS OBSTÉTRICA;0;1;1
221700;CONSULTA EXTERNA-CIRUGÍA ORAL-;0;1;1
221800;CONSULTA EXTERNA-ODONTOLOGÍA ESPECIALIZADA;0;1;1
221801;CONSULTA EXTERNA-ODONTOLOGÍA ESPECIALIZADA- ENDODONCIA;0;1;1
221802;CONSULTA EXTERNA-ODONTOLOGÍA ESPECIALIZADA- PERIODONCIA;0;1;1
221900;CONSULTA EXTERNA-ODONTOLOGÍA GENERAL-;0;1;1
222000;CONSULTA EXTERNA-ODONTOLOGÍA PEDIÁTRICA-;0;1;1
222100;CONSULTA EXTERNA-ORTODONCIA / ORTOPEDIA DE LOS MAXILARES-;0;1;1
222200;CONSULTA EXTERNA-PRÓTESIS DENTAL-;0;1;1
222300;CONSULTA EXTERNA-RADIOLOGÍA ODONTOLÓGICA -;0;1;1
222400;CONSULTA EXTERNA-MEDICINA GENERAL / ATENCIÓN DEL ADULTO-;0;1;1
222500;CONSULTA EXTERNA-CARDIOLOGÍA;0;1;1
222501;CONSULTA EXTERNA-CARDIOLOGÍA-HIPERTENSIÓN ARTERIAL;0;1;1
222600;CONSULTA EXTERNA-DERMATOLOGÍA-;0;1;1
222700;CONSULTA EXTERNA-ENDOCRINOLOGÍA;0;1;1
222701;CONSULTA EXTERNA-ENDOCRINOLOGÍA-DIABETES MELLITUS I Y II;0;1;1
222800;CONSULTA EXTERNA-GASTROENTEROLOGÍA-;0;1;1
222900;CONSULTA EXTERNA-GENÉTICA;0;1;1
222901;CONSULTA EXTERNA-GENÉTICA-CITOGENÉTICA CLÍNICA;0;1;1
222902;CONSULTA EXTERNA-GENÉTICA-GENÉTICA CLÍNICA;0;1;1
222903;CONSULTA EXTERNA-GENÉTICA-GENÉTICA MOLECULAR CLÍNICA;0;1;1
223000;CONSULTA EXTERNA-GERIATRÍA-;0;1;1
223001;CONSULTA EXTERNA – GERIATRICA-ADULTO MAYOR-SERVICIO DIFERENCIADO;0;1;1
223002;CONSULTA EXTERNA – GERIATRICA-ADULTO MAYOR-SERVICIO DIFERENCIADO-AMBIENTE ADAPTADO;0;1;1
223100;CONSULTA EXTERNA-HEMATOLOGÍA-;0;1;1
223200;CONSULTA EXTERNA-INFECTOLOGÍA-;0;1;1
223300;CONSULTA EXTERNA-INMUNOLOGÍA Y ALERGIA-;0;1;1
223400;CONSULTA EXTERNA-MEDICINA FÍSICA Y REHABILITACIÓN-;0;1;1
223500;CONSULTA EXTERNA-MEDICINA INTERNA-;0;1;1
223600;CONSULTA EXTERNA-MEDICINA TROPICAL E INFECTOCONTAGIOSAS-;0;1;1
223700;CONSULTA EXTERNA-NEFROLOGÍA-;0;1;1
223800;CONSULTA EXTERNA-NEUMOLOGÍA;0;1;1
223801;CONSULTA EXTERNA-NEUMOLOGÍA-ASMA;0;1;1
223900;CONSULTA EXTERNA-NEUROLOGÍA;0;1;1
223901;CONSULTA EXTERNA NEUROLOGIA NEUROFISIOLOGIA CLINICA;0;1;1
223901;CONSULTA EXTERNA-NEUROLOGÍA-NEUROFISIOLOGÍA CLÍNICA;0;1;1
223902;CONSULTA EXTERNA NEUROLOGIA NEUROLOGIA DE LA CONDUCTA;0;1;1
223903;CONSULTA EXTERNA NEUROLOGIA ESPECIALIDADES MEDICAS (DE APOYO DIAGNOSTICO Y TERAPEUTICO AL PACIENTE);0;1;1
223906;CONSULTA EXTERNA NEUROLOGIA EPILEPSIA EPILEPTOLOGIA;0;1;1
223907;CONSULTA EXTERNA NEUROLOGIA ENFERMEDADES NEURODEGENERATIVAS;0;1;1
223908;CONSULTA EXTERNA NEUROLOGIA ENFERMEDADES NEUROVASCULARES Y METABOLICAS;0;1;1
223909;CONSULTA EXTERNA NEUROLOGIA NEUROGENETICA;0;1;1
223910;CONSULTA EXTERNA NEUROLOGIA ENFERMEDADES TRANSMISIBLES DEL SISTEMA NERVIOSO;0;1;1
224000;CONSULTA EXTERNA-ONCOLOGÍA MÉDICA -;0;1;1
224101;CONSULTA EXTERNA-PSICOLOGÍA-ADICCIONES;0;1;1
224102;CONSULTA EXTERNA-PSICOLOGÍA-CONSEJERÍA;0;1;1
224103;CONSULTA EXTERNA-PSICOLOGÍA-PSICOLOGÍA ADULTO Y GERONTE;0;1;1
224104;CONSULTA EXTERNA-PSICOLOGÍA-PSICOLOGÍA FAMILIAR;0;1;1
224105;CONSULTA EXTERNA-PSICOLOGÍA-PSICOLOGÍA NIÑO Y ADOLESCENTE;0;1;1
224200;CONSULTA EXTERNA-PSIQUIATRÍA;0;1;1
224201;CONSULTA EXTERNA-PSIQUIATRÍA-ADICCIONES;0;1;1
224202;CONSULTA EXTERNA-PSIQUIATRÍA-CONSEJERIA;0;1;1
224203;CONSULTA EXTERNA-PSIQUIATRÍA-PSIQUIATRÍA ADULTO Y GERONTE;0;1;1
224204;CONSULTA EXTERNA-PSIQUIATRÍA-PSIQUIATRÍA FAMILIAR;0;1;1
224205;CONSULTA EXTERNA-PSIQUIATRÍA-PSIQUIATRÍA NIÑO Y ADOLESCENTE;0;1;1
224300;CONSULTA EXTERNA-RADIOTERAPIA -;0;1;1
224400;CONSULTA EXTERNA-REUMATOLOGÍA-;0;1;1
224500;CONSULTA EXTERNA-TRATAMIENTO DEL DOLOR -;0;1;1
224600;CONSULTA EXTERNA-ADOLESCENTES-;0;1;1
224601;CONSULTA EXTERNA-ADOLESCENTES-SERVICIO DIFERENCIADO -HORARIO DIFERENCIADO;0;1;1
224602;CONSULTA EXTERNA-ADOLESCENTES-SERVICIO DIFERENCIADO-AMBIENTE EXCLUSIVO;0;1;1
224603;CONSULTA EXTERNA-ADOLESCENTES-SERVICIO DIFERENCIADO-SERVICIOS DIFERENCIADOS ESPECIALIZADOS;0;1;1
224700;CONSULTA EXTERNA-PEDIATRÍA GENERAL-;0;1;1
224800;CONSULTA EXTERNA-CARDIOLOGÍA PEDIÁTRICA-;0;1;1
224900;CONSULTA EXTERNA-DERMATOLOGÍA PEDIÁTRICA-;0;1;1
225000;CONSULTA EXTERNA-ENDOCRINOLOGÍA PEDIÁTRICA-;0;1;1
225100;CONSULTA EXTERNA-GASTROENTEROLOGÍA PEDIÁTRICA-;0;1;1
225200;CONSULTA EXTERNA-GINECOLOGÍA PEDIÁTRICA-;0;1;1
225300;CONSULTA EXTERNA-NEFROLOGÍA PEDIÁTRICA-;0;1;1
225400;CONSULTA EXTERNA-NEONATOLOGÍA-;0;1;1
225500;CONSULTA EXTERNA-NEUMOLOGÍA PEDIÁTRICA-;0;1;1
225600;CONSULTA EXTERNA-NEUROLOGÍA PEDIÁTRICA-;0;1;1
225700;CONSULTA EXTERNA-OFTALMOLOGÍA PEDIÁTRICA-;0;1;1
225800;CONSULTA EXTERNA-ONCOLOGÍA PEDIÁTRICA-;0;1;1
225900;CONSULTA EXTERNA-PSIQUIATRÍA PEDIÁTRICA-;0;1;1
226000;CONSULTA EXTERNA-REUMATOLOGÍA PEDIÁTRICA-;0;1;1
226100;CONSULTA EXTERNA-ONCOLOGÍA PREVENTIVA-;0;1;1
227000;CONSULTA EXTERNA-FAMILIAR/COMUNITARIA/INTEGRAL;0;1;1
229000;CONSULTA EXTERNA- ANESTESIOLOGIA;0;1;1
230000;EMERGENCIA;0;1;1
230100;EMERGENCIA-EMERGENCIA / PRIORIDAD 2-;0;1;1
230101;EMERGENCIA-EMERGENCIA / PRIORIDAD 2-CIRUGÍA GENERAL;0;1;1
230102;EMERGENCIA-EMERGENCIA / PRIORIDAD 2-GINECO-OBSTÉTRICA;0;1;1
230103;EMERGENCIA-EMERGENCIA / PRIORIDAD 2-MEDICINA ADULTOS;0;1;1
230104;EMERGENCIA-EMERGENCIA / PRIORIDAD 2-OFTALMOLOGÍA;0;1;1
230105;EMERGENCIA-EMERGENCIA / PRIORIDAD 2-ODONTOLOGÍA;0;1;1
230106;EMERGENCIA-EMERGENCIA / PRIORIDAD 2-PEDIATRÍA;0;1;1
230107;EMERGENCIA-EMERGENCIA / PRIORIDAD 2-PSIQUIATRÍA;0;1;1
230108;EMERGENCIA-EMERGENCIA / PRIORIDAD 2-UROLOGÍA;0;1;1
230109;EMERGENCIA-EMERGENCIA / PRIORIDAD 2-TRAUMATOLOGÍA Y ORTOPEDIA;0;1;1
230110;EMERGENCIA-EMERGENCIA / PRIORIDAD 2-NEUROCIRUGIA;0;1;1
230111;EMERGENCIA-EMERGENCIA / PRIORIDAD 2-NEONATOLOGÍA;0;1;1
230112;EMERGENCIA-EMERGENCIA / PRIORIDAD 2-CIRUGIA PEDIÁTRICA;0;1;1
230200;EMERGENCIA-NO EMERGENCIA / NO URGENCIA /  PRIORIDAD 4-;0;1;1
230300;EMERGENCIA-SALA DE OBSERVACION-;0;1;1
230301;EMERGENCIA-SALA DE OBSERVACION-SALA OBSERVACION PACIENTE CRITICO;0;1;1
230400;EMERGENCIA-SHOCKTRAUMA / PRIORIDAD 1-;0;1;1
230500;EMERGENCIA-URGENCIA / PRIORIDAD 3-;0;1;1
240000;HOSPITALIZACION ;1;1;1
240100;HOSPITALIZACIÓN QUIRÚRGICA-CIRUGÍA GENERAL-;1;1;1
240200;HOSPITALIZACIÓN QUIRÚRGICA-CIRUGÍA DE CABEZA Y CUELLO / MÁXILO FACIAL-;1;1;1
240300;HOSPITALIZACIÓN QUIRÚRGICA-CIRUGÍA DIGESTIVA-;1;1;1
240400;HOSPITALIZACIÓN QUIRÚRGICA-CIRUGÍA DE TÓRAX Y CARDIOVASCULAR-;1;1;1
240500;HOSPITALIZACIÓN QUIRÚRGICA-CIRUGÍA DE TRANSPLANTES-;1;1;1
240600;HOSPITALIZACIÓN QUIRÚRGICA-CIRUGÍA OFTALMOLÓGICA-;1;1;1
240700;HOSPITALIZACIÓN QUIRÚRGICA-CIRUGÍA PEDIÁTRICA-;1;1;1
240800;HOSPITALIZACIÓN QUIRÚRGICA-CIRUGÍA PLÁSTICA/RECONSTRUCTIVA/ REPARADORA-;1;1;1
240801;HOSPITALIZACIÓN QUIRÚRGICA-CIRUGÍA PLÁSTICA/RECONSTRUCTIVA/ REPARADORA-QUEMADOS;1;1;1
240900;HOSPITALIZACIÓN QUIRÚRGICA-NEUROCIRUGÍA-;1;1;1
241000;HOSPITALIZACIÓN QUIRÚRGICA-ONCOLOGÍA QUIRÚRGICA -;1;1;1
241100;HOSPITALIZACIÓN QUIRÚRGICA-OTORRINOLARINGOLOGÍA -;1;1;1
241200;HOSPITALIZACIÓN QUIRÚRGICA-TRAUMATOLOGÍA Y ORTOPEDIA-;1;1;1
241300;HOSPITALIZACIÓN QUIRÚRGICA-UROLOGÍA -;1;1;1
241400;HOSPITALIZACIÓN QUIRÚRGICA-GINECO - OBSTETRICIA-;1;1;1
241500;HOSPITALIZACIÓN QUIRÚRGICA-GINECOLOGÍA -;1;1;1
241600;HOSPITALIZACIÓN QUIRÚRGICA-OBSTETRICIA  -;1;1;1
241700;HOSPITALIZACIÓN QUIRÚRGICA-GINECOLOGÍA - GINECOLOGIA ONCOLOGiCA;1;1;1
241800;HOSPITALIZACIÓN DE MEDICINA-MEDICINA GENERAL-;1;1;1
241900;HOSPITALIZACIÓN DE MEDICINA-MEDICINA INTERNA-;1;1;1
242000;HOSPITALIZACIÓN DE MEDICINA-MEDICINA TROPICAL E INFECCIOSAS-;1;1;1
242100;HOSPITALIZACIÓN DE MEDICINA-ONCOLOGÍA MÉDICA-;1;1;1
242200;HOSPITALIZACIÓN DE MEDICINA-PSIQUIATRÍA-;1;1;1
242201;HOSPITALIZACIÓN DE MEDICINA-PSIQUIATRÍA-PSIQUIATRÍA - HOSPITALIZACIÓN DE DÍA;1;1;1
242202;HOSPITALIZACIÓN DE MEDICINA-PSIQUIATRÍA-PSIQUIATRÍA DEL ADULTO Y GERONTE;1;1;1
242203;HOSPITALIZACIÓN DE MEDICINA-PSIQUIATRÍA-PSIQUIATRÍA DEL NIÑO Y DEL ADOLESCENTE;1;1;1
242204;HOSPITALIZACIÓN DE MEDICINA-PSIQUIATRÍA-REHABILITACIÓN PSIQUIÁTRICA / REINSERCIÓN ;1;1;1
242205;HOSPITALIZACIÓN MEDICINA-PSIQUIATRÍA-PISIQUIATRIA/ SALUD MENTAL Y ADICCIONES;1;1;1
242300;HOSPITALIZACIÓN DE PEDIATRÍA- PEDIATRÍA  GENERAL-;1;1;1
242400;HOSPITALIZACIÓN DE PEDIATRÍA-ADOLESCENTES-;1;1;1
242600;HOSPITALIZACIÓN DE PEDIATRÍA-PEDIATRIA-CARDIOLOGÍA PEDIÁTRICA;1;1;1
242700;HOSPITALIZACIÓN DE PEDIATRÍA-PEDIATRIA-DERMATOLOGÍA PEDIÁTRICA;1;1;1
242800;HOSPITALIZACIÓN DE PEDIATRÍA-PEDIATRIA-ENDOCRINOLOGÍA PEDIÁTRICA;1;1;1
242900;HOSPITALIZACIÓN DE PEDIATRÍA-PEDIATRIA-GASTROENTEROLOGÍA PEDIÁTRICA;1;1;1
243000;HOSPITALIZACIÓN DE PEDIATRÍA-PEDIATRIA-GINECOLOGÍA PEDIÁTRICA;1;1;1
243100;HOSPITALIZACIÓN DE PEDIATRÍA-PEDIATRIA-NEFROLOGÍA PEDIÁTRICA;1;1;1
243200;HOSPITALIZACIÓN DE PEDIATRÍA-PEDIATRIA-NEONATOLOGÍA;1;1;1
243300;HOSPITALIZACIÓN DE PEDIATRÍA-PEDIATRIA-NEUMOLOGÍA PEDIÁTRICA;1;1;1
243400;HOSPITALIZACIÓN DE PEDIATRÍA-PEDIATRIA-NEUROLOGÍA PEDIÁTRICA;1;1;1
243500;HOSPITALIZACIÓN DE PEDIATRÍA-PEDIATRIA-OFTALMOLOGÍA PEDIÁTRICA;1;1;1
243600;HOSPITALIZACIÓN DE PEDIATRÍA-PEDIATRIA-ONCOLOGÍA PEDIÁTRICA;1;1;1
243700;HOSPITALIZACIÓN DE PEDIATRÍA-PEDIATRIA-OTORRINOLARINGOLOGÍA PEDIÁTRICA ;1;1;1
243800;HOSPITALIZACIÓN DE PEDIATRÍA-PEDIATRIA-PSIQUIATRÍA PEDIÁTRICA;1;1;1
243900;HOSPITALIZACIÓN DE PEDIATRÍA-PEDIATRIA-REUMATOLOGÍA PEDIÁTRICA;1;1;1
244000;HOSPITALIZACIÓN DE MEDICINA-CARDIOLOGIA-;1;1;1
244100;HOSPITALIZACIÓN DE MEDICINA-DERMATOLOGÍA   -;1;1;1
244200;HOSPITALIZACIÓN DE MEDICINA-ENDOCRINOLOGIA-;1;1;1
244300;HOSPITALIZACIÓN DE MEDICINA-GASTROENTEROLOGÍA -;1;1;1
244400;HOSPITALIZACIÓN DE MEDICINA-GERIATRIA-;1;1;1
244500;HOSPITALIZACIÓN DE MEDICINA-HEMATOLOGÍA-;1;1;1
244600;HOSPITALIZACIÓN DE MEDICINA-NEFROLOGIA-;1;1;1
244700;HOSPITALIZACIÓN DE MEDICINA-NEUROLOGIA -;1;1;1
244800;HOSPITALIZACIÓN DE MEDICINA-NEUROLOGIA -NEUROLOGIA DE LA CONDUCTA;1;1;1
244900;HOSPITALIZACIÓN DE MEDICINA-NEUROLOGIA -NEURODEGENERATIVAS;1;1;1
245000;HOSPITALIZACIÓN DE MEDICINA-NEUROLOGIA -NEUROVASCULARES Y METABOLICAS;1;1;1
245100;HOSPITALIZACIÓN DE MEDICINA-NEUROLOGIA -ENFERMEDADES INFECCIOSAS/TRANSMISIBLES DEL SISTEMA NERVIOSO;1;1;1
245200;HOSPITALIZACIÓN DE MEDICINA-NEUROLOGIA -EPILEPSIA/EPILEPTOLOGIA;1;1;1
245300;HOSPITALIZACIÓN DE MEDICINA-NEUMOLOGÍA -;1;1;1
245400;HOSPITALIZACIÓN DE MEDICINA-GINECOLOGIA-;1;1;1
245500;HOSPITALIZACIÓN DE MEDICINA-REUMATOLOGÍA   -;1;1;1
245600;HOSPITALIZACIÓN DE DÍA;1;1;1
245700;HOSPITALIZACIÓN QUIRÚRGICA-CARDIOLOGIA-;1;1;1
245701;HOSPITALIZACIÓN QUIRÚRGICA-CARDIOLOGIA-CARDIOLOGIA INTERVENVIONISTA;1;1;1
250000;UNIDAD DE CUIDADOS CRITICOS;1;1;1
250100;UNIDAD DE CUIDADOS CRITICOS-UNIDAD  DE CUIDADOS INTENSIVOS GENERALES (UCI)-;1;1;1
250101;UNIDAD DE CUIDADOS CRITICOS-UNIDAD  DE CUIDADOS INTENSIVOS GENERALES (UCI)-CARDIOLOGIA;1;1;1
250102;UNIDAD DE CUIDADOS CRITICOS-UNIDAD  DE CUIDADOS INTENSIVOS GENERALES (UCI)-GINECO-OBSTETRICIA;1;1;1
250103;UNIDAD DE CUIDADOS CRITICOS-UNIDAD  DE CUIDADOS INTENSIVOS GENERALES  (UCI)-MEDICINA;1;1;1
250104;UNIDAD DE CUIDADOS CRITICOS-UNIDAD  DE CUIDADOS INTENSIVOS GENERALES  (UCI)-MEDICINA TROPICAL;1;1;1
250105;UNIDAD DE CUIDADOS CRITICOS-UNIDAD  DE CUIDADOS INTENSIVOS  (UCI)-NEONATOLOGÍA;1;1;1
250106;UNIDAD DE CUIDADOS CRITICOS-UNIDAD  DE CUIDADOS INTENSIVOS  (UCI)-NEUROLÓGICA;1;1;1
250107;UNIDAD DE CUIDADOS CRITICOS-UNIDAD  DE CUIDADOS INTENSIVOS  (UCI)-NEUROQUIRÚRGICA;1;1;1
250108;UNIDAD DE CUIDADOS CRITICOS-UNIDAD  DE CUIDADOS INTENSIVOS  (UCI)-PEDIÁTRICA;1;1;1
250109;UNIDAD DE CUIDADOS CRITICOS-UNIDAD  DE CUIDADOS INTENSIVOS  (UCI)-QUIRÚRGICA;1;1;1
250110;UNIDAD DE CUIDADOS CRITICOS-UNIDAD  DE CUIDADOS INTENSIVOS  (UCI)-RESPIRATORIA;1;1;1
250111;UNIDAD DE CUIDADOS CRITICOS-UNIDAD  DE CUIDADOS INTENSIVOS  (UCI)-CARDIOVASCULAR;1;1;1
250200;UNIDAD DE CUIDADOS CRITICOS-UNIDAD DE CUIDADOS INTERMEDIOS GENERAL  (UCIN)-;1;1;1
250201;UNIDAD DE CUIDADOS CRITICOS-UNIDAD DE CUIDADOS INTERMEDIOS  (UCIN)-NEONATAL;1;1;1
250202;UNIDAD DE CUIDADOS CRITICOS-UNIDAD DE CUIDADOS INTERMEDIOS  (UCIN)-PEDIÁTRICOS;1;1;1
250300;UNIDAD DE CUIDADOS CRITICOS-UNIDAD DE VIGILANCIA INTENSIVA  CLINICA (UVIC)-;1;1;1
250400;UNIDAD DE CUIDADOS CRITICOS-UNIDAD DE QUEMADOS (GRAN QUEMADO)-;1;1;1
260000;ESTRATEGIAS SANITARIAS NACIONALES;0;1;1
260100;ESTRAT.SANIT. NAC.-CENTRO JUVENIL-;0;1;1
260200;ESTRAT.SANIT. NAC.-COMPONENTES ESPECIALES;0;1;1
260201;ESTRAT.SANIT. NAC.-COMPONENTES ESPECIALES-ACCIDENTES POR ANIMALES PONZOÑOSOS;0;1;1
260202;ESTRAT.SANIT. NAC.-COMPONENTES ESPECIALES-NUTRICIÓN;0;1;1
260203;ESTRAT.SANIT. NAC.-COMPONENTES ESPECIALES-PREVENCIÓN DE CISTICERCOSIS;0;1;1
260204;ESTRAT.SANIT. NAC.-COMPONENTES ESPECIALES-SALUD BUCAL;0;1;1
260205;ESTRAT.SANIT. NAC.-COMPONENTES ESPECIALES-ZOONOSIS HUMANA (Rabia, carbunco y otras);0;1;1
260300;ESTRAT.SANIT. NAC.-INMUNIZACIONES-;0;1;1
260400;ESTRAT.SANIT. NAC.-MAMIS-;0;1;1
260500;ESTRAT.SANIT. NAC.-PREVENCIÓN Y CONTROL DE DAÑOS NO TRANSMISIBLES;0;1;1
260501;ESTRAT.SANIT. NAC.-PREVENCIÓN Y CONTROL DE DAÑOS NO TRANSMISIBLES-ADULTO MAYOR;0;1;1
260502;ESTRAT.SANIT. NAC.-PREVENCIÓN Y CONTROL DE DAÑOS NO TRANSMISIBLES-DIABETES MELLITUS;0;1;1
260503;ESTRAT.SANIT. NAC.-PREVENCIÓN Y CONTROL DE DAÑOS NO TRANSMISIBLES-HIPERTENSIÓN ARTERIAL;0;1;1
260504;ESTRAT.SANIT. NAC.-PREVENCIÓN Y CONTROL DE DAÑOS NO TRANSMISIBLES-MANEJO DE ALZHEIMER;0;1;1
260505;ESTRAT.SANIT. NAC.-PREVENCIÓN Y CONTROL DE DAÑOS NO TRANSMISIBLES-MANEJO DE ASMA;0;1;1
260506;ESTRAT.SANIT. NAC.-PREVENCIÓN Y CONTROL DE DAÑOS NO TRANSMISIBLES-OBESIDAD E HIPERCOLESTEROLEMIAS;0;1;1
260507;ESTRAT.SANIT. NAC.-PREVENCIÓN Y CONTROL DE DAÑOS NO TRANSMISIBLES-OSTEOPOROSIS;0;1;1
260600;PREV.Y CONTROL DE ENF. METAXÉNICAS Y OTRAS TRANS. POR VECTORES;0;1;1
260601;PREV.Y CONTROL DE ENF. METAXÉNICAS Y OTRAS TRANS. POR VECTORES-UNIDAD DE DIAG. Y TRAT. DE ENF. METAXÉNICAS;0;1;1
260700;PREV. Y CONTROL DE INFECCIONES DE TRANSMISIÓN SEXUAL Y VIH-SIDA;0;1;1
260701;PREV. Y CONTROL DE INFECCIONES DE TRANSMISIÓN SEXUAL Y VIH-SIDA-UNIDAD DE DIAG. Y TRATAMIENTO DE ITS;0;1;1
260702;PREV. Y CONTROL DE INFECCIONES DE TRANSMISIÓN SEXUAL Y VIH-SIDA-UNIDAD DE DIAG. Y TRAT. DE VIH/SIDA;0;1;1
260800;ESTRAT.SANIT. NAC.-PREVENCIÓN Y CONTROL DE TUBERCULOSIS;0;1;1
260801;ESTRAT.SANIT. NAC.-PREVENCIÓN Y CONTROL DE TUBERCULOSIS-UNIDAD DE DIAG. Y TRATAMIENTO CLÁSICO;0;1;1
260802;PREVENCIÓN Y CONTROL DE TUBERCULOSIS-UNIDAD DE DIAG. Y TRATAMIENTO MULTIDROGO RESISTENTES;0;1;1
260900;ESTRAT.SANIT. NAC.-SALUD MENTAL Y CULTURA DE PAZ;0;1;1
260901;ESTRAT.SANIT. NAC.-SALUD MENTAL Y CULTURA DE PAZ-ADOLESCENTE;0;1;1
260902;ESTRAT.SANIT. NAC.-SALUD MENTAL Y CULTURA DE PAZ-DEPRESIÓN;0;1;1
260903;ESTRAT.SANIT. NAC.-SALUD MENTAL Y CULTURA DE PAZ-PREVENCIÓN DE ADICCIONES (drogas y alcohol);0;1;1
260904;ESTRAT.SANIT. NAC.-SALUD MENTAL Y CULTURA DE PAZ-VIOLENCIA;0;1;1
260905;ESTRAT.SANIT. NAC.-SALUD MENTAL Y CULTURA DE PAZ-MAMIS;0;1;1
261000;ESTRAT.SANIT. NAC.-SALUD SEXUAL Y REPRODUCTIVA;0;1;1
261001;ESTRAT.SANIT. NAC.-SALUD SEXUAL Y REPRODUCTIVA-PLANIFICACIÓN FAMILIAR;0;1;1
261002;ESTRAT.SANIT. NAC.-SALUD SEXUAL Y REPRODUCTIVA-SALUD MATERNA;0;1;1
